Seed,Model,Dataset,Accuracy,AUC
547,LogisticRegression,Training,0.7,0.7412500000000001
547,LogisticRegression,Test,0.7352941176470589,0.8298611111111112
547,RandomForest,Training,0.7625,0.8618750000000001
547,RandomForest,Test,0.7352941176470589,0.8645833333333334
547,GradientBoosting,Training,0.75,0.818125
547,GradientBoosting,Test,0.6764705882352942,0.8177083333333334
547,SVC,Training,0.7,0.5
547,SVC,Test,0.7647058823529411,0.5
547,MLPClassifier,Training,0.7,0.7418750000000001
547,MLPClassifier,Test,0.7058823529411765,0.8298611111111112
7777,LogisticRegression,Training,0.725,0.796875
7777,LogisticRegression,Test,0.6842105263157895,0.7217391304347827
7777,RandomForest,Training,0.8375,0.9637500000000001
7777,RandomForest,Test,0.5263157894736842,0.563768115942029
7777,GradientBoosting,Training,0.8875,0.9684375000000001
7777,GradientBoosting,Test,0.5526315789473685,0.6057971014492753
7777,SVC,Training,0.7125,0.22562500000000002
7777,SVC,Test,0.6578947368421053,0.23478260869565215
7777,MLPClassifier,Training,0.75,0.7956249999999999
7777,MLPClassifier,Test,0.6578947368421053,0.7130434782608697
7013,LogisticRegression,Training,0.6625,0.7837500000000001
7013,LogisticRegression,Test,0.631578947368421,0.6972222222222223
7013,RandomForest,Training,0.9,0.986875
7013,RandomForest,Test,0.631578947368421,0.7000000000000001
7013,GradientBoosting,Training,0.75,0.834375
7013,GradientBoosting,Test,0.6842105263157895,0.7027777777777778
7013,SVC,Training,0.675,0.2225
7013,SVC,Test,0.6578947368421053,0.36250000000000004
7013,MLPClassifier,Training,0.7125,0.81
7013,MLPClassifier,Test,0.6842105263157895,0.6972222222222222
3258,LogisticRegression,Training,0.7125,0.7681250000000001
3258,LogisticRegression,Test,0.6,0.7171052631578947
3258,RandomForest,Training,0.925,0.979375
3258,RandomForest,Test,0.6857142857142857,0.6726973684210527
3258,GradientBoosting,Training,1.0,1.0
3258,GradientBoosting,Test,0.6857142857142857,0.6957236842105263
3258,SVC,Training,0.7125,0.254375
3258,SVC,Test,0.6857142857142857,0.2730263157894737
3258,MLPClassifier,Training,0.7125,0.7675000000000001
3258,MLPClassifier,Test,0.6,0.7171052631578947
1523,LogisticRegression,Training,0.675,0.720625
1523,LogisticRegression,Test,0.6956521739130435,0.8301075268817204
1523,RandomForest,Training,0.9875,0.9996875000000001
1523,RandomForest,Test,0.6521739130434783,0.6956989247311828
1523,GradientBoosting,Training,0.6875,0.7634375
1523,GradientBoosting,Test,0.6956521739130435,0.7440860215053764
1523,SVC,Training,0.6375,0.29875000000000007
1523,SVC,Test,0.717391304347826,0.18709677419354837
1523,MLPClassifier,Training,0.65,0.72
1523,MLPClassifier,Test,0.717391304347826,0.8344086021505376
3756,LogisticRegression,Training,0.6625,0.72375
3756,LogisticRegression,Test,0.7333333333333333,0.796218487394958
3756,RandomForest,Training,0.8375,0.945
3756,RandomForest,Test,0.6444444444444445,0.7804621848739496
3756,GradientBoosting,Training,0.675,0.7584374999999999
3756,GradientBoosting,Test,0.7111111111111111,0.7584033613445379
3756,SVC,Training,0.65,0.313125
3756,SVC,Test,0.6444444444444445,0.20798319327731088
3756,MLPClassifier,Training,0.6875,0.7225
3756,MLPClassifier,Test,0.7333333333333333,0.8046218487394958
3236,LogisticRegression,Training,0.6625,0.759375
3236,LogisticRegression,Test,0.6666666666666666,0.7566137566137565
3236,RandomForest,Training,0.875,0.950625
3236,RandomForest,Test,0.5897435897435898,0.6706349206349206
3236,GradientBoosting,Training,1.0,1.0
3236,GradientBoosting,Test,0.5641025641025641,0.6732804232804233
3236,SVC,Training,0.6625,0.26875
3236,SVC,Test,0.6666666666666666,0.2804232804232804
3236,MLPClassifier,Training,0.7,0.7668750000000001
3236,MLPClassifier,Test,0.717948717948718,0.7566137566137566
6003,LogisticRegression,Training,0.6625,0.765
6003,LogisticRegression,Test,0.71875,0.8117647058823529
6003,RandomForest,Training,0.7625,0.89625
6003,RandomForest,Test,0.71875,0.8411764705882353
6003,GradientBoosting,Training,0.7,0.7828125
6003,GradientBoosting,Test,0.71875,0.7568627450980392
6003,SVC,Training,0.675,0.5
6003,SVC,Test,0.71875,0.5
6003,MLPClassifier,Training,0.7125,0.7668750000000001
6003,MLPClassifier,Test,0.75,0.8
7646,LogisticRegression,Training,0.7125,0.7925
7646,LogisticRegression,Test,0.7297297297297297,0.7589285714285714
7646,RandomForest,Training,1.0,1.0
7646,RandomForest,Test,0.5135135135135135,0.44494047619047616
7646,GradientBoosting,Training,0.7125,0.82125
7646,GradientBoosting,Test,0.5675675675675675,0.724702380952381
7646,SVC,Training,0.7125,0.2234375
7646,SVC,Test,0.7297297297297297,0.2901785714285714
7646,MLPClassifier,Training,0.7125,0.790625
7646,MLPClassifier,Test,0.7297297297297297,0.7559523809523809
5772,LogisticRegression,Training,0.7,0.756875
5772,LogisticRegression,Test,0.6923076923076923,0.7526315789473684
5772,RandomForest,Training,0.875,0.975625
5772,RandomForest,Test,0.6153846153846154,0.6447368421052632
5772,GradientBoosting,Training,0.75,0.8468749999999999
5772,GradientBoosting,Test,0.6153846153846154,0.6578947368421053
5772,SVC,Training,0.7125,0.259375
5772,SVC,Test,0.6666666666666666,0.26842105263157895
5772,MLPClassifier,Training,0.7125,0.75875
5772,MLPClassifier,Test,0.6923076923076923,0.7473684210526316
7400,LogisticRegression,Training,0.7,0.7356250000000001
7400,LogisticRegression,Test,0.7209302325581395,0.7652173913043478
7400,RandomForest,Training,0.9,0.9790625
7400,RandomForest,Test,0.5813953488372093,0.616304347826087
7400,GradientBoosting,Training,0.7125,0.8
7400,GradientBoosting,Test,0.6046511627906976,0.708695652173913
7400,SVC,Training,0.7,0.27437500000000004
7400,SVC,Test,0.6744186046511628,0.2565217391304348
7400,MLPClassifier,Training,0.6875,0.73875
7400,MLPClassifier,Test,0.7209302325581395,0.7652173913043478
257,LogisticRegression,Training,0.6875,0.76
257,LogisticRegression,Test,0.65,0.7293233082706767
257,RandomForest,Training,0.95,0.9909375
257,RandomForest,Test,0.55,0.6215538847117794
257,GradientBoosting,Training,0.7125,0.7884375000000001
257,GradientBoosting,Test,0.675,0.7669172932330827
257,SVC,Training,0.6625,0.250625
257,SVC,Test,0.65,0.2907268170426065
257,MLPClassifier,Training,0.6875,0.76125
257,MLPClassifier,Test,0.65,0.7293233082706767
2249,LogisticRegression,Training,0.7125,0.765
2249,LogisticRegression,Test,0.6744186046511628,0.7476190476190476
2249,RandomForest,Training,0.8625,0.974375
2249,RandomForest,Test,0.5813953488372093,0.6642857142857143
2249,GradientBoosting,Training,0.9875,0.999375
2249,GradientBoosting,Test,0.627906976744186,0.6476190476190476
2249,SVC,Training,0.7,0.7125000000000001
2249,SVC,Test,0.6976744186046512,0.7404761904761905
2249,MLPClassifier,Training,0.8875,0.95375
2249,MLPClassifier,Test,0.5813953488372093,0.6000000000000001
8767,LogisticRegression,Training,0.7,0.7375
8767,LogisticRegression,Test,0.725,0.8586666666666667
8767,RandomForest,Training,0.8,0.908125
8767,RandomForest,Test,0.625,0.6799999999999999
8767,GradientBoosting,Training,0.75,0.859375
8767,GradientBoosting,Test,0.7,0.6546666666666666
8767,SVC,Training,0.6875,0.7468750000000001
8767,SVC,Test,0.7,0.7706666666666666
8767,MLPClassifier,Training,0.6875,0.7712500000000001
8767,MLPClassifier,Test,0.65,0.8106666666666666
7060,LogisticRegression,Training,0.7125,0.765625
7060,LogisticRegression,Test,0.7352941176470589,0.775438596491228
7060,RandomForest,Training,0.8125,0.9075
7060,RandomForest,Test,0.6764705882352942,0.724561403508772
7060,GradientBoosting,Training,0.7625,0.820625
7060,GradientBoosting,Test,0.6764705882352942,0.7421052631578948
7060,SVC,Training,0.6875,0.248125
7060,SVC,Test,0.7352941176470589,0.25789473684210523
7060,MLPClassifier,Training,0.725,0.7718750000000001
7060,MLPClassifier,Test,0.6764705882352942,0.775438596491228
776,LogisticRegression,Training,0.7125,0.806875
776,LogisticRegression,Test,0.6190476190476191,0.6352941176470588
776,RandomForest,Training,0.9125,0.9768749999999999
776,RandomForest,Test,0.5714285714285714,0.5776470588235294
776,GradientBoosting,Training,0.85,0.926875
776,GradientBoosting,Test,0.5476190476190477,0.5941176470588235
776,SVC,Training,0.7375,0.814375
776,SVC,Test,0.6190476190476191,0.6305882352941177
776,MLPClassifier,Training,0.75,0.8087500000000001
776,MLPClassifier,Test,0.6190476190476191,0.6329411764705882
9272,LogisticRegression,Training,0.7125,0.7725
9272,LogisticRegression,Test,0.6590909090909091,0.6583333333333333
9272,RandomForest,Training,0.9125,0.9859375
9272,RandomForest,Test,0.5909090909090909,0.634375
9272,GradientBoosting,Training,0.825,0.9134375
9272,GradientBoosting,Test,0.6136363636363636,0.678125
9272,SVC,Training,0.6875,0.795625
9272,SVC,Test,0.6590909090909091,0.6729166666666667
9272,MLPClassifier,Training,0.7125,0.77375
9272,MLPClassifier,Test,0.6590909090909091,0.6520833333333333
8881,LogisticRegression,Training,0.7,0.7375
8881,LogisticRegression,Test,0.7142857142857143,0.7636363636363637
8881,RandomForest,Training,0.75,0.885
8881,RandomForest,Test,0.6904761904761905,0.7659090909090909
8881,GradientBoosting,Training,1.0,1.0
8881,GradientBoosting,Test,0.6428571428571429,0.625
8881,SVC,Training,0.6875,0.280625
8881,SVC,Test,0.6904761904761905,0.26363636363636367
8881,MLPClassifier,Training,0.7,0.7368750000000001
8881,MLPClassifier,Test,0.7142857142857143,0.7659090909090909
417,LogisticRegression,Training,0.7,0.76625
417,LogisticRegression,Test,0.6341463414634146,0.6862745098039216
417,RandomForest,Training,1.0,1.0
417,RandomForest,Test,0.5121951219512195,0.5404411764705883
417,GradientBoosting,Training,0.8,0.87375
417,GradientBoosting,Test,0.5853658536585366,0.6433823529411764
417,SVC,Training,0.7125,0.24375000000000002
417,SVC,Test,0.6341463414634146,0.3284313725490196
417,MLPClassifier,Training,0.7,0.768125
417,MLPClassifier,Test,0.6341463414634146,0.6764705882352942
2168,LogisticRegression,Training,0.7,0.7575000000000001
2168,LogisticRegression,Test,0.6744186046511628,0.7288888888888889
2168,RandomForest,Training,0.8,0.895625
2168,RandomForest,Test,0.6046511627906976,0.6666666666666666
2168,GradientBoosting,Training,0.725,0.823125
2168,GradientBoosting,Test,0.6046511627906976,0.7022222222222221
2168,SVC,Training,0.6875,0.255
2168,SVC,Test,0.6744186046511628,0.29777777777777775
2168,MLPClassifier,Training,0.7,0.765
2168,MLPClassifier,Test,0.6744186046511628,0.7355555555555555
5604,LogisticRegression,Training,0.675,0.7375
5604,LogisticRegression,Test,0.7380952380952381,0.7836538461538461
5604,RandomForest,Training,0.7875,0.893125
5604,RandomForest,Test,0.6428571428571429,0.6802884615384616
5604,GradientBoosting,Training,0.6875,0.7475
5604,GradientBoosting,Test,0.7142857142857143,0.6875
5604,SVC,Training,0.625,0.271875
5604,SVC,Test,0.7380952380952381,0.22355769230769235
5604,MLPClassifier,Training,0.675,0.73625
5604,MLPClassifier,Test,0.7619047619047619,0.7908653846153846
9782,LogisticRegression,Training,0.6875,0.7418750000000001
9782,LogisticRegression,Test,0.6590909090909091,0.7041666666666667
9782,RandomForest,Training,0.8875,0.959375
9782,RandomForest,Test,0.6363636363636364,0.6979166666666665
9782,GradientBoosting,Training,0.8875,0.9606250000000001
9782,GradientBoosting,Test,0.6136363636363636,0.6510416666666666
9782,SVC,Training,0.6875,0.7240625
9782,SVC,Test,0.6818181818181818,0.71875
9782,MLPClassifier,Training,0.6875,0.745
9782,MLPClassifier,Test,0.6590909090909091,0.7000000000000001
8365,LogisticRegression,Training,0.7625,0.825625
8365,LogisticRegression,Test,0.5588235294117647,0.5813148788927336
8365,RandomForest,Training,1.0,1.0
8365,RandomForest,Test,0.5294117647058824,0.5484429065743944
8365,GradientBoosting,Training,1.0,1.0
8365,GradientBoosting,Test,0.5294117647058824,0.5899653979238755
8365,SVC,Training,0.75,0.818125
8365,SVC,Test,0.5588235294117647,0.5397923875432525
8365,MLPClassifier,Training,0.7625,0.8275
8365,MLPClassifier,Test,0.5588235294117647,0.5813148788927336
6605,LogisticRegression,Training,0.725,0.79
6605,LogisticRegression,Test,0.6410256410256411,0.671957671957672
6605,RandomForest,Training,0.9125,0.98125
6605,RandomForest,Test,0.5384615384615384,0.548941798941799
6605,GradientBoosting,Training,0.9625,0.9981249999999999
6605,GradientBoosting,Test,0.5897435897435898,0.5608465608465609
6605,SVC,Training,0.7625,0.808125
6605,SVC,Test,0.48717948717948717,0.5873015873015873
6605,MLPClassifier,Training,0.875,0.969375
6605,MLPClassifier,Test,0.5641025641025641,0.5582010582010583
7506,LogisticRegression,Training,0.725,0.7662500000000001
7506,LogisticRegression,Test,0.6829268292682927,0.7380952380952381
7506,RandomForest,Training,0.8,0.9306249999999999
7506,RandomForest,Test,0.6097560975609756,0.5369047619047619
7506,GradientBoosting,Training,0.75,0.805625
7506,GradientBoosting,Test,0.6097560975609756,0.5642857142857143
7506,SVC,Training,0.7125,0.254375
7506,SVC,Test,0.6585365853658537,0.2785714285714286
7506,MLPClassifier,Training,0.7375,0.7706250000000001
7506,MLPClassifier,Test,0.6585365853658537,0.7285714285714286
2216,LogisticRegression,Training,0.7125,0.7825000000000001
2216,LogisticRegression,Test,0.7,0.721227621483376
2216,RandomForest,Training,0.8,0.91
2216,RandomForest,Test,0.65,0.717391304347826
2216,GradientBoosting,Training,0.85,0.9293750000000001
2216,GradientBoosting,Test,0.6,0.6636828644501279
2216,SVC,Training,0.7,0.26749999999999996
2216,SVC,Test,0.7,0.27877237851662406
2216,MLPClassifier,Training,0.7125,0.7843749999999999
2216,MLPClassifier,Test,0.725,0.721227621483376
8553,LogisticRegression,Training,0.675,0.7525
8553,LogisticRegression,Test,0.6341463414634146,0.7416267942583732
8553,RandomForest,Training,0.8625,0.9453125
8553,RandomForest,Test,0.5365853658536586,0.5502392344497609
8553,GradientBoosting,Training,0.95,0.98875
8553,GradientBoosting,Test,0.5365853658536586,0.5370813397129187
8553,SVC,Training,0.7,0.720625
8553,SVC,Test,0.6585365853658537,0.7177033492822966
8553,MLPClassifier,Training,0.875,0.965
8553,MLPClassifier,Test,0.5609756097560976,0.6483253588516746
8009,LogisticRegression,Training,0.7,0.81875
8009,LogisticRegression,Test,0.5869565217391305,0.6612576064908722
8009,RandomForest,Training,0.9,0.978125
8009,RandomForest,Test,0.5652173913043478,0.6379310344827586
8009,GradientBoosting,Training,0.775,0.8462500000000001
8009,GradientBoosting,Test,0.6086956521739131,0.603448275862069
8009,SVC,Training,0.7,0.19999999999999998
8009,SVC,Test,0.5869565217391305,0.3509127789046653
8009,MLPClassifier,Training,0.7625,0.8243750000000001
8009,MLPClassifier,Test,0.6086956521739131,0.6551724137931034
8972,LogisticRegression,Training,0.65,0.7375
8972,LogisticRegression,Test,0.7575757575757576,0.8351648351648352
8972,RandomForest,Training,0.8625,0.9534375
8972,RandomForest,Test,0.5757575757575758,0.6071428571428571
8972,GradientBoosting,Training,0.7375,0.8121875
8972,GradientBoosting,Test,0.696969696969697,0.7582417582417583
8972,SVC,Training,0.7125,0.7915625000000001
8972,SVC,Test,0.6666666666666666,0.8186813186813187
8972,MLPClassifier,Training,0.7,0.7437499999999999
8972,MLPClassifier,Test,0.7575757575757576,0.8296703296703297
6186,LogisticRegression,Training,0.7375,0.789375
6186,LogisticRegression,Test,0.6363636363636364,0.6388888888888888
6186,RandomForest,Training,0.875,0.9625
6186,RandomForest,Test,0.5,0.5850694444444444
6186,GradientBoosting,Training,0.75,0.8471875000000001
6186,GradientBoosting,Test,0.6590909090909091,0.6232638888888888
6186,SVC,Training,0.775,0.8018749999999999
6186,SVC,Test,0.5909090909090909,0.5590277777777778
6186,MLPClassifier,Training,0.75,0.7912500000000001
6186,MLPClassifier,Test,0.6136363636363636,0.6284722222222222
7025,LogisticRegression,Training,0.6375,0.696875
7025,LogisticRegression,Test,0.6818181818181818,0.8078512396694215
7025,RandomForest,Training,0.875,0.9643750000000001
7025,RandomForest,Test,0.6818181818181818,0.7541322314049587
7025,GradientBoosting,Training,1.0,1.0
7025,GradientBoosting,Test,0.6363636363636364,0.7055785123966942
7025,SVC,Training,0.6875,0.7306250000000001
7025,SVC,Test,0.6818181818181818,0.6570247933884297
7025,MLPClassifier,Training,0.6625,0.701875
7025,MLPClassifier,Test,0.75,0.8057851239669421
7982,LogisticRegression,Training,0.675,0.734375
7982,LogisticRegression,Test,0.7083333333333334,0.7517857142857143
7982,RandomForest,Training,0.8,0.8775000000000001
7982,RandomForest,Test,0.6666666666666666,0.7419642857142856
7982,GradientBoosting,Training,0.7375,0.8200000000000001
7982,GradientBoosting,Test,0.6666666666666666,0.71875
7982,SVC,Training,0.6625,0.2675
7982,SVC,Test,0.6875,0.2464285714285714
7982,MLPClassifier,Training,0.675,0.7350000000000001
7982,MLPClassifier,Test,0.7083333333333334,0.7517857142857143
6640,LogisticRegression,Training,0.6875,0.75375
6640,LogisticRegression,Test,0.6341463414634146,0.7198067632850241
6640,RandomForest,Training,0.8125,0.9171874999999999
6640,RandomForest,Test,0.6341463414634146,0.6896135265700483
6640,GradientBoosting,Training,0.9,0.985
6640,GradientBoosting,Test,0.6829268292682927,0.6871980676328502
6640,SVC,Training,0.7375,0.79375
6640,SVC,Test,0.6341463414634146,0.6763285024154589
6640,MLPClassifier,Training,0.7125,0.754375
6640,MLPClassifier,Test,0.6829268292682927,0.7294685990338163
3826,LogisticRegression,Training,0.7,0.71125
3826,LogisticRegression,Test,0.7021276595744681,0.7838827838827839
3826,RandomForest,Training,0.85,0.9396875000000001
3826,RandomForest,Test,0.574468085106383,0.6318681318681318
3826,GradientBoosting,Training,0.85,0.9275
3826,GradientBoosting,Test,0.574468085106383,0.6245421245421244
3826,SVC,Training,0.7,0.726875
3826,SVC,Test,0.6595744680851063,0.7087912087912088
3826,MLPClassifier,Training,0.7,0.7112499999999999
3826,MLPClassifier,Test,0.6808510638297872,0.7637362637362638
5266,LogisticRegression,Training,0.6875,0.718125
5266,LogisticRegression,Test,0.7631578947368421,0.8235294117647058
5266,RandomForest,Training,0.9,0.97375
5266,RandomForest,Test,0.7105263157894737,0.7240896358543417
5266,GradientBoosting,Training,0.725,0.8315625000000001
5266,GradientBoosting,Test,0.6842105263157895,0.7436974789915967
5266,SVC,Training,0.7125,0.6875
5266,SVC,Test,0.7105263157894737,0.7955182072829131
5266,MLPClassifier,Training,0.7125,0.72375
5266,MLPClassifier,Test,0.7105263157894737,0.8011204481792717
8669,LogisticRegression,Training,0.6875,0.7475
8669,LogisticRegression,Test,0.6739130434782609,0.7257142857142858
8669,RandomForest,Training,0.775,0.87125
8669,RandomForest,Test,0.6521739130434783,0.7504761904761905
8669,GradientBoosting,Training,0.7875,0.88125
8669,GradientBoosting,Test,0.6521739130434783,0.7904761904761906
8669,SVC,Training,0.6875,0.26625
8669,SVC,Test,0.6739130434782609,0.30095238095238097
8669,MLPClassifier,Training,0.6875,0.749375
8669,MLPClassifier,Test,0.6521739130434783,0.7314285714285714
4963,LogisticRegression,Training,0.6125,0.720625
4963,LogisticRegression,Test,0.7619047619047619,0.8509615384615385
4963,RandomForest,Training,0.8625,0.9421875000000001
4963,RandomForest,Test,0.6190476190476191,0.6153846153846154
4963,GradientBoosting,Training,0.8625,0.9334375
4963,GradientBoosting,Test,0.6190476190476191,0.6033653846153847
4963,SVC,Training,0.65,0.2925
4963,SVC,Test,0.6666666666666666,0.17788461538461536
4963,MLPClassifier,Training,0.6125,0.72
4963,MLPClassifier,Test,0.7142857142857143,0.8509615384615385
3811,LogisticRegression,Training,0.675,0.7575000000000001
3811,LogisticRegression,Test,0.7111111111111111,0.7415966386554622
3811,RandomForest,Training,0.875,0.96
3811,RandomForest,Test,0.6,0.6869747899159664
3811,GradientBoosting,Training,0.875,0.9640625
3811,GradientBoosting,Test,0.7111111111111111,0.7111344537815125
3811,SVC,Training,0.7,0.40125
3811,SVC,Test,0.6444444444444445,0.47899159663865554
3811,MLPClassifier,Training,0.675,0.758125
3811,MLPClassifier,Test,0.7111111111111111,0.7436974789915967
1708,LogisticRegression,Training,0.6875,0.755
1708,LogisticRegression,Test,0.7777777777777778,0.7555555555555555
1708,RandomForest,Training,0.775,0.8875000000000001
1708,RandomForest,Test,0.6388888888888888,0.6968253968253968
1708,GradientBoosting,Training,0.725,0.7765625
1708,GradientBoosting,Test,0.6666666666666666,0.6904761904761905
1708,SVC,Training,0.7125,0.7284375000000001
1708,SVC,Test,0.6666666666666666,0.6603174603174603
1708,MLPClassifier,Training,0.7125,0.755625
1708,MLPClassifier,Test,0.6944444444444444,0.7428571428571428
8645,LogisticRegression,Training,0.7375,0.798125
8645,LogisticRegression,Test,0.6086956521739131,0.6200378071833649
8645,RandomForest,Training,0.8,0.889375
8645,RandomForest,Test,0.6086956521739131,0.6304347826086957
8645,GradientBoosting,Training,0.7375,0.8309374999999999
8645,GradientBoosting,Test,0.5652173913043478,0.5897920604914934
8645,SVC,Training,0.725,0.436875
8645,SVC,Test,0.5869565217391305,0.5198487712665407
8645,MLPClassifier,Training,0.7375,0.8
8645,MLPClassifier,Test,0.6086956521739131,0.6162570888468808
7353,LogisticRegression,Training,0.6375,0.746875
7353,LogisticRegression,Test,0.6976744186046512,0.7597402597402597
7353,RandomForest,Training,0.825,0.95625
7353,RandomForest,Test,0.5348837209302325,0.6493506493506493
7353,GradientBoosting,Training,0.85,0.9315625
7353,GradientBoosting,Test,0.5348837209302325,0.6677489177489178
7353,SVC,Training,0.675,0.75625
7353,SVC,Test,0.5813953488372093,0.722943722943723
7353,MLPClassifier,Training,0.8375,0.93625
7353,MLPClassifier,Test,0.5581395348837209,0.5952380952380952
4372,LogisticRegression,Training,0.725,0.796875
4372,LogisticRegression,Test,0.6097560975609756,0.644927536231884
4372,RandomForest,Training,0.825,0.918125
4372,RandomForest,Test,0.5853658536585366,0.6219806763285023
4372,GradientBoosting,Training,0.9125,0.9706250000000001
4372,GradientBoosting,Test,0.6585365853658537,0.642512077294686
4372,SVC,Training,0.75,0.78375
4372,SVC,Test,0.5853658536585366,0.5869565217391304
4372,MLPClassifier,Training,0.725,0.796875
4372,MLPClassifier,Test,0.6097560975609756,0.6473429951690821
102,LogisticRegression,Training,0.675,0.754375
102,LogisticRegression,Test,0.7105263157894737,0.7869318181818181
102,RandomForest,Training,0.8375,0.94625
102,RandomForest,Test,0.5526315789473685,0.6434659090909092
102,GradientBoosting,Training,0.7,0.7934375
102,GradientBoosting,Test,0.6052631578947368,0.6306818181818181
102,SVC,Training,0.675,0.25812500000000005
102,SVC,Test,0.631578947368421,0.2414772727272727
102,MLPClassifier,Training,0.675,0.76125
102,MLPClassifier,Test,0.7105263157894737,0.7869318181818181
439,LogisticRegression,Training,0.6875,0.7412500000000001
439,LogisticRegression,Test,0.6222222222222222,0.7773279352226721
439,RandomForest,Training,0.8625,0.955625
439,RandomForest,Test,0.6444444444444445,0.7236842105263157
439,GradientBoosting,Training,0.9625,0.99875
439,GradientBoosting,Test,0.6444444444444445,0.7338056680161943
439,SVC,Training,0.675,0.29500000000000004
439,SVC,Test,0.6222222222222222,0.25101214574898784
439,MLPClassifier,Training,0.6875,0.7424999999999999
439,MLPClassifier,Test,0.6222222222222222,0.7732793522267207
6885,LogisticRegression,Training,0.725,0.7675
6885,LogisticRegression,Test,0.6428571428571429,0.7388235294117648
6885,RandomForest,Training,0.775,0.905
6885,RandomForest,Test,0.6666666666666666,0.7047058823529411
6885,GradientBoosting,Training,0.7375,0.775
6885,GradientBoosting,Test,0.6428571428571429,0.6388235294117647
6885,SVC,Training,0.725,0.25
6885,SVC,Test,0.6666666666666666,0.24
6885,MLPClassifier,Training,0.725,0.769375
6885,MLPClassifier,Test,0.6666666666666666,0.7435294117647059
4383,LogisticRegression,Training,0.675,0.7625000000000001
4383,LogisticRegression,Test,0.6904761904761905,0.7636363636363636
4383,RandomForest,Training,0.8125,0.9240625
4383,RandomForest,Test,0.7380952380952381,0.7625000000000001
4383,GradientBoosting,Training,0.6875,0.775
4383,GradientBoosting,Test,0.6428571428571429,0.7340909090909091
4383,SVC,Training,0.7125,0.72625
4383,SVC,Test,0.6666666666666666,0.7454545454545455
4383,MLPClassifier,Training,0.7,0.7656249999999999
4383,MLPClassifier,Test,0.6904761904761905,0.759090909090909
7600,LogisticRegression,Training,0.65,0.74125
7600,LogisticRegression,Test,0.675,0.7468671679197996
7600,RandomForest,Training,0.8875,0.963125
7600,RandomForest,Test,0.625,0.6904761904761905
7600,GradientBoosting,Training,1.0,1.0
7600,GradientBoosting,Test,0.575,0.6591478696741855
7600,SVC,Training,0.7,0.2784375
7600,SVC,Test,0.675,0.3082706766917293
7600,MLPClassifier,Training,0.7,0.73875
7600,MLPClassifier,Test,0.65,0.7468671679197996
6253,LogisticRegression,Training,0.65,0.74875
6253,LogisticRegression,Test,0.6666666666666666,0.7411764705882353
6253,RandomForest,Training,1.0,1.0
6253,RandomForest,Test,0.5952380952380952,0.6741176470588235
6253,GradientBoosting,Training,0.7375,0.781875
6253,GradientBoosting,Test,0.6904761904761905,0.7235294117647059
6253,SVC,Training,0.7,0.7359375
6253,SVC,Test,0.6904761904761905,0.6776470588235294
6253,MLPClassifier,Training,0.7,0.75125
6253,MLPClassifier,Test,0.6904761904761905,0.7388235294117647
311,LogisticRegression,Training,0.6625,0.7562500000000001
311,LogisticRegression,Test,0.7435897435897436,0.8284023668639053
311,RandomForest,Training,0.85,0.97
311,RandomForest,Test,0.6666666666666666,0.6997041420118344
311,GradientBoosting,Training,0.875,0.9578125
311,GradientBoosting,Test,0.6666666666666666,0.6997041420118343
311,SVC,Training,0.75,0.8109375000000001
311,SVC,Test,0.6410256410256411,0.7071005917159763
311,MLPClassifier,Training,0.8,0.881875
311,MLPClassifier,Test,0.5897435897435898,0.665680473372781
2254,LogisticRegression,Training,0.6875,0.7849999999999999
2254,LogisticRegression,Test,0.6086956521739131,0.6647173489278753
2254,RandomForest,Training,0.8625,0.908125
2254,RandomForest,Test,0.6521739130434783,0.6783625730994152
2254,GradientBoosting,Training,0.6875,0.8031250000000001
2254,GradientBoosting,Test,0.6086956521739131,0.6871345029239766
2254,SVC,Training,0.675,0.24
2254,SVC,Test,0.6086956521739131,0.3645224171539961
2254,MLPClassifier,Training,0.6875,0.7849999999999999
2254,MLPClassifier,Test,0.6086956521739131,0.6608187134502924
6890,LogisticRegression,Training,0.725,0.7918750000000001
6890,LogisticRegression,Test,0.6585365853658537,0.72
6890,RandomForest,Training,0.85,0.9384375
6890,RandomForest,Test,0.5609756097560976,0.64625
6890,GradientBoosting,Training,0.775,0.8121875000000001
6890,GradientBoosting,Test,0.5609756097560976,0.7062499999999999
6890,SVC,Training,0.7375,0.225625
6890,SVC,Test,0.6341463414634146,0.34
6890,MLPClassifier,Training,0.7375,0.790625
6890,MLPClassifier,Test,0.6585365853658537,0.7150000000000001
2755,LogisticRegression,Training,0.675,0.725
2755,LogisticRegression,Test,0.7058823529411765,0.8295454545454546
2755,RandomForest,Training,0.85,0.9203125
2755,RandomForest,Test,0.6176470588235294,0.6912878787878789
2755,GradientBoosting,Training,1.0,1.0
2755,GradientBoosting,Test,0.6470588235294118,0.7234848484848485
2755,SVC,Training,0.6875,0.28375
2755,SVC,Test,0.7058823529411765,0.1818181818181818
2755,MLPClassifier,Training,0.675,0.7224999999999999
2755,MLPClassifier,Test,0.7058823529411765,0.8333333333333333
2819,LogisticRegression,Training,0.65,0.74
2819,LogisticRegression,Test,0.6428571428571429,0.7528344671201814
2819,RandomForest,Training,1.0,1.0
2819,RandomForest,Test,0.42857142857142855,0.5022675736961452
2819,GradientBoosting,Training,1.0,1.0
2819,GradientBoosting,Test,0.42857142857142855,0.4285714285714286
2819,SVC,Training,0.675,0.755625
2819,SVC,Test,0.5714285714285714,0.6235827664399093
2819,MLPClassifier,Training,0.9,0.976875
2819,MLPClassifier,Test,0.47619047619047616,0.47392290249433106
6146,LogisticRegression,Training,0.7,0.790625
6146,LogisticRegression,Test,0.675,0.6275
6146,RandomForest,Training,0.775,0.899375
6146,RandomForest,Test,0.5,0.58875
6146,GradientBoosting,Training,0.75,0.83125
6146,GradientBoosting,Test,0.575,0.60875
6146,SVC,Training,0.7375,0.20500000000000002
6146,SVC,Test,0.575,0.38
6146,MLPClassifier,Training,0.7375,0.8081250000000001
6146,MLPClassifier,Test,0.6,0.605
9251,LogisticRegression,Training,0.725,0.78375
9251,LogisticRegression,Test,0.6521739130434783,0.7121212121212122
9251,RandomForest,Training,0.9,0.9775
9251,RandomForest,Test,0.5434782608695652,0.6505681818181819
9251,GradientBoosting,Training,1.0,1.0
9251,GradientBoosting,Test,0.6086956521739131,0.6714015151515151
9251,SVC,Training,0.7,0.234375
9251,SVC,Test,0.6739130434782609,0.37121212121212116
9251,MLPClassifier,Training,0.7375,0.7956249999999999
9251,MLPClassifier,Test,0.6086956521739131,0.7026515151515151
5493,LogisticRegression,Training,0.65,0.69375
5493,LogisticRegression,Test,0.8823529411764706,0.8842105263157894
5493,RandomForest,Training,0.8125,0.90625
5493,RandomForest,Test,0.6176470588235294,0.6578947368421052
5493,GradientBoosting,Training,0.675,0.7474999999999999
5493,GradientBoosting,Test,0.5882352941176471,0.8245614035087719
5493,SVC,Training,0.675,0.7309375
5493,SVC,Test,0.6470588235294118,0.7052631578947368
5493,MLPClassifier,Training,0.65,0.718125
5493,MLPClassifier,Test,0.8529411764705882,0.8701754385964912
7707,LogisticRegression,Training,0.725,0.760625
7707,LogisticRegression,Test,0.6363636363636364,0.7879464285714286
7707,RandomForest,Training,0.8,0.905625
7707,RandomForest,Test,0.5681818181818182,0.6785714285714285
7707,GradientBoosting,Training,1.0,1.0
7707,GradientBoosting,Test,0.5681818181818182,0.6372767857142857
7707,SVC,Training,0.6625,0.25312500000000004
7707,SVC,Test,0.6818181818181818,0.2566964285714286
7707,MLPClassifier,Training,0.7375,0.763125
7707,MLPClassifier,Test,0.6363636363636364,0.7857142857142856
1071,LogisticRegression,Training,0.725,0.77375
1071,LogisticRegression,Test,0.6829268292682927,0.7200956937799043
1071,RandomForest,Training,0.875,0.9712500000000001
1071,RandomForest,Test,0.6341463414634146,0.7057416267942583
1071,GradientBoosting,Training,0.8875,0.97
1071,GradientBoosting,Test,0.6097560975609756,0.6830143540669856
1071,SVC,Training,0.7125,0.24875000000000003
1071,SVC,Test,0.6829268292682927,0.3062200956937799
1071,MLPClassifier,Training,0.725,0.773125
1071,MLPClassifier,Test,0.6829268292682927,0.7248803827751197
4528,LogisticRegression,Training,0.675,0.7925000000000001
4528,LogisticRegression,Test,0.6363636363636364,0.6987179487179487
4528,RandomForest,Training,0.95,0.985625
4528,RandomForest,Test,0.5454545454545454,0.5833333333333333
4528,GradientBoosting,Training,1.0,1.0
4528,GradientBoosting,Test,0.6136363636363636,0.608974358974359
4528,SVC,Training,0.675,0.22499999999999998
4528,SVC,Test,0.6590909090909091,0.33974358974358976
4528,MLPClassifier,Training,0.7375,0.79125
4528,MLPClassifier,Test,0.6136363636363636,0.702991452991453
5488,LogisticRegression,Training,0.6875,0.7649999999999999
5488,LogisticRegression,Test,0.6190476190476191,0.7259615384615384
5488,RandomForest,Training,1.0,1.0
5488,RandomForest,Test,0.5476190476190477,0.53125
5488,GradientBoosting,Training,0.9,0.9831249999999999
5488,GradientBoosting,Test,0.5238095238095238,0.45072115384615385
5488,SVC,Training,0.775,0.7662500000000001
5488,SVC,Test,0.6190476190476191,0.6802884615384616
5488,MLPClassifier,Training,0.725,0.765625
5488,MLPClassifier,Test,0.6428571428571429,0.735576923076923
7406,LogisticRegression,Training,0.7125,0.775625
7406,LogisticRegression,Test,0.6666666666666666,0.7060869565217391
7406,RandomForest,Training,0.8625,0.9775
7406,RandomForest,Test,0.5625,0.7504347826086957
7406,GradientBoosting,Training,1.0,1.0
7406,GradientBoosting,Test,0.6041666666666666,0.6695652173913043
7406,SVC,Training,0.7125,0.253125
7406,SVC,Test,0.6666666666666666,0.3060869565217391
7406,MLPClassifier,Training,0.725,0.775625
7406,MLPClassifier,Test,0.6666666666666666,0.7060869565217391
1322,LogisticRegression,Training,0.7125,0.794375
1322,LogisticRegression,Test,0.7105263157894737,0.6833333333333333
1322,RandomForest,Training,0.8125,0.90375
1322,RandomForest,Test,0.6052631578947368,0.6666666666666667
1322,GradientBoosting,Training,0.7375,0.8168749999999999
1322,GradientBoosting,Test,0.5789473684210527,0.6250000000000001
1322,SVC,Training,0.7125,0.768125
1322,SVC,Test,0.6578947368421053,0.6722222222222222
1322,MLPClassifier,Training,0.725,0.794375
1322,MLPClassifier,Test,0.6842105263157895,0.6861111111111111
8651,LogisticRegression,Training,0.6875,0.7493750000000001
8651,LogisticRegression,Test,0.6818181818181818,0.7094736842105264
8651,RandomForest,Training,0.7625,0.8862500000000001
8651,RandomForest,Test,0.6818181818181818,0.7421052631578947
8651,GradientBoosting,Training,0.775,0.8431250000000001
8651,GradientBoosting,Test,0.6818181818181818,0.7052631578947368
8651,SVC,Training,0.675,0.27125
8651,SVC,Test,0.6818181818181818,0.28105263157894733
8651,MLPClassifier,Training,0.6875,0.75
8651,MLPClassifier,Test,0.7045454545454546,0.7052631578947367
6548,LogisticRegression,Training,0.675,0.793125
6548,LogisticRegression,Test,0.6153846153846154,0.6447368421052632
6548,RandomForest,Training,0.825,0.924375
6548,RandomForest,Test,0.5897435897435898,0.661842105263158
6548,GradientBoosting,Training,1.0,1.0
6548,GradientBoosting,Test,0.5384615384615384,0.6552631578947369
6548,SVC,Training,0.75,0.783125
6548,SVC,Test,0.5384615384615384,0.6552631578947369
6548,MLPClassifier,Training,0.75,0.8106249999999999
6548,MLPClassifier,Test,0.5897435897435898,0.6394736842105264
9753,LogisticRegression,Training,0.65,0.694375
9753,LogisticRegression,Test,0.7441860465116279,0.7986425339366516
9753,RandomForest,Training,1.0,1.0
9753,RandomForest,Test,0.5581395348837209,0.6742081447963801
9753,GradientBoosting,Training,1.0,0.9999999999999999
9753,GradientBoosting,Test,0.5581395348837209,0.6165158371040724
9753,SVC,Training,0.6375,0.7221875
9753,SVC,Test,0.7674418604651163,0.7330316742081449
9753,MLPClassifier,Training,0.65,0.6956249999999999
9753,MLPClassifier,Test,0.7441860465116279,0.7986425339366516
3315,LogisticRegression,Training,0.7125,0.7881250000000001
3315,LogisticRegression,Test,0.6,0.7368421052631579
3315,RandomForest,Training,0.85,0.93375
3315,RandomForest,Test,0.65,0.7268170426065163
3315,GradientBoosting,Training,0.875,0.9621875
3315,GradientBoosting,Test,0.625,0.6604010025062657
3315,SVC,Training,0.7,0.23
3315,SVC,Test,0.625,0.29323308270676696
3315,MLPClassifier,Training,0.75,0.7931250000000001
3315,MLPClassifier,Test,0.65,0.7318295739348372
1238,LogisticRegression,Training,0.6625,0.7362500000000001
1238,LogisticRegression,Test,0.6666666666666666,0.7868421052631579
1238,RandomForest,Training,0.775,0.89125
1238,RandomForest,Test,0.6410256410256411,0.7342105263157894
1238,GradientBoosting,Training,0.825,0.896875
1238,GradientBoosting,Test,0.6666666666666666,0.7263157894736841
1238,SVC,Training,0.6375,0.39125
1238,SVC,Test,0.6666666666666666,0.3789473684210527
1238,MLPClassifier,Training,0.7,0.755625
1238,MLPClassifier,Test,0.717948717948718,0.7657894736842106
6229,LogisticRegression,Training,0.675,0.7549999999999999
6229,LogisticRegression,Test,0.7209302325581395,0.7302631578947368
6229,RandomForest,Training,0.8625,0.93375
6229,RandomForest,Test,0.5813953488372093,0.5964912280701754
6229,GradientBoosting,Training,1.0,1.0
6229,GradientBoosting,Test,0.5348837209302325,0.5285087719298245
6229,SVC,Training,0.675,0.266875
6229,SVC,Test,0.6976744186046512,0.3114035087719298
6229,MLPClassifier,Training,0.675,0.756875
6229,MLPClassifier,Test,0.7209302325581395,0.7236842105263157
6626,LogisticRegression,Training,0.6875,0.753125
6626,LogisticRegression,Test,0.7631578947368421,0.778393351800554
6626,RandomForest,Training,0.8,0.909375
6626,RandomForest,Test,0.7105263157894737,0.757617728531856
6626,GradientBoosting,Training,0.7375,0.809375
6626,GradientBoosting,Test,0.631578947368421,0.7119113573407202
6626,SVC,Training,0.7,0.26437499999999997
6626,SVC,Test,0.7368421052631579,0.22160664819944603
6626,MLPClassifier,Training,0.6875,0.755
6626,MLPClassifier,Test,0.7631578947368421,0.778393351800554
1591,LogisticRegression,Training,0.6625,0.7687499999999999
1591,LogisticRegression,Test,0.7142857142857143,0.7414965986394557
1591,RandomForest,Training,0.7875,0.89375
1591,RandomForest,Test,0.6666666666666666,0.6972789115646258
1591,GradientBoosting,Training,0.85,0.9240625
1591,GradientBoosting,Test,0.5952380952380952,0.6519274376417233
1591,SVC,Training,0.675,0.254375
1591,SVC,Test,0.7142857142857143,0.30158730158730157
1591,MLPClassifier,Training,0.6625,0.768125
1591,MLPClassifier,Test,0.7142857142857143,0.7414965986394557
991,LogisticRegression,Training,0.675,0.746875
991,LogisticRegression,Test,0.6341463414634146,0.7794871794871795
991,RandomForest,Training,1.0,1.0
991,RandomForest,Test,0.6829268292682927,0.6782051282051282
991,GradientBoosting,Training,1.0,1.0
991,GradientBoosting,Test,0.6585365853658537,0.7025641025641026
991,SVC,Training,0.7,0.76875
991,SVC,Test,0.7073170731707317,0.7
991,MLPClassifier,Training,0.675,0.746875
991,MLPClassifier,Test,0.6341463414634146,0.7794871794871795
5231,LogisticRegression,Training,0.6125,0.70875
5231,LogisticRegression,Test,0.8157894736842105,0.865546218487395
5231,RandomForest,Training,0.775,0.8981250000000001
5231,RandomForest,Test,0.6578947368421053,0.7857142857142857
5231,GradientBoosting,Training,1.0,1.0
5231,GradientBoosting,Test,0.631578947368421,0.6302521008403361
5231,SVC,Training,0.65,0.7303124999999999
5231,SVC,Test,0.7368421052631579,0.7114845938375349
5231,MLPClassifier,Training,0.675,0.730625
5231,MLPClassifier,Test,0.7894736842105263,0.8627450980392157
4907,LogisticRegression,Training,0.725,0.828125
4907,LogisticRegression,Test,0.5813953488372093,0.5541871921182266
4907,RandomForest,Training,0.825,0.9318749999999999
4907,RandomForest,Test,0.5813953488372093,0.5233990147783252
4907,GradientBoosting,Training,0.775,0.83875
4907,GradientBoosting,Test,0.5581395348837209,0.5874384236453203
4907,SVC,Training,0.7375,0.18999999999999997
4907,SVC,Test,0.5581395348837209,0.438423645320197
4907,MLPClassifier,Training,0.85,0.9481249999999999
4907,MLPClassifier,Test,0.5581395348837209,0.4876847290640394
7062,LogisticRegression,Training,0.6625,0.71875
7062,LogisticRegression,Test,0.6976744186046512,0.7673913043478261
7062,RandomForest,Training,1.0,1.0
7062,RandomForest,Test,0.5581395348837209,0.6108695652173913
7062,GradientBoosting,Training,0.6625,0.7449999999999999
7062,GradientBoosting,Test,0.6046511627906976,0.6065217391304347
7062,SVC,Training,0.7,0.7768750000000001
7062,SVC,Test,0.6511627906976745,0.7217391304347827
7062,MLPClassifier,Training,0.6875,0.718125
7062,MLPClassifier,Test,0.6976744186046512,0.7695652173913043
4241,LogisticRegression,Training,0.65,0.721875
4241,LogisticRegression,Test,0.6829268292682927,0.8164251207729468
4241,RandomForest,Training,0.8625,0.9712500000000001
4241,RandomForest,Test,0.6585365853658537,0.6461352657004831
4241,GradientBoosting,Training,1.0,0.9999999999999999
4241,GradientBoosting,Test,0.5365853658536586,0.6268115942028986
4241,SVC,Training,0.7,0.7012499999999999
4241,SVC,Test,0.7073170731707317,0.8019323671497585
4241,MLPClassifier,Training,0.8625,0.9024999999999999
4241,MLPClassifier,Test,0.5853658536585366,0.678743961352657
6554,LogisticRegression,Training,0.6875,0.7493749999999999
6554,LogisticRegression,Test,0.6818181818181818,0.7142857142857143
6554,RandomForest,Training,0.775,0.885
6554,RandomForest,Test,0.6136363636363636,0.7267080745341615
6554,GradientBoosting,Training,0.8375,0.91
6554,GradientBoosting,Test,0.6136363636363636,0.736024844720497
6554,SVC,Training,0.7125,0.76875
6554,SVC,Test,0.6136363636363636,0.6366459627329193
6554,MLPClassifier,Training,0.7125,0.756875
6554,MLPClassifier,Test,0.6818181818181818,0.7184265010351967
6977,LogisticRegression,Training,0.725,0.7518750000000001
6977,LogisticRegression,Test,0.6428571428571429,0.7411764705882353
6977,RandomForest,Training,0.825,0.9125
6977,RandomForest,Test,0.6190476190476191,0.6058823529411764
6977,GradientBoosting,Training,0.8125,0.8909375
6977,GradientBoosting,Test,0.6428571428571429,0.6623529411764706
6977,SVC,Training,0.675,0.278125
6977,SVC,Test,0.6190476190476191,0.2941176470588235
6977,MLPClassifier,Training,0.725,0.755
6977,MLPClassifier,Test,0.6428571428571429,0.7364705882352941
6717,LogisticRegression,Training,0.75,0.818125
6717,LogisticRegression,Test,0.6486486486486487,0.6801242236024845
6717,RandomForest,Training,0.8375,0.93125
6717,RandomForest,Test,0.5135135135135135,0.5993788819875777
6717,GradientBoosting,Training,1.0,1.0
6717,GradientBoosting,Test,0.43243243243243246,0.484472049689441
6717,SVC,Training,0.7375,0.82
6717,SVC,Test,0.5675675675675675,0.6304347826086957
6717,MLPClassifier,Training,0.775,0.82625
6717,MLPClassifier,Test,0.6216216216216216,0.6614906832298137
9386,LogisticRegression,Training,0.6875,0.7375
9386,LogisticRegression,Test,0.631578947368421,0.7869318181818181
9386,RandomForest,Training,0.8625,0.931875
9386,RandomForest,Test,0.5789473684210527,0.6136363636363636
9386,GradientBoosting,Training,0.725,0.790625
9386,GradientBoosting,Test,0.6578947368421053,0.6775568181818181
9386,SVC,Training,0.7125,0.78125
9386,SVC,Test,0.6578947368421053,0.6732954545454546
9386,MLPClassifier,Training,0.7,0.745625
9386,MLPClassifier,Test,0.6842105263157895,0.7784090909090908
718,LogisticRegression,Training,0.7,0.7625
718,LogisticRegression,Test,0.6595744680851063,0.7126436781609196
718,RandomForest,Training,0.9,0.968125
718,RandomForest,Test,0.6170212765957447,0.6197318007662835
718,GradientBoosting,Training,0.8375,0.9090625
718,GradientBoosting,Test,0.574468085106383,0.6475095785440613
718,SVC,Training,0.7375,0.7675
718,SVC,Test,0.6382978723404256,0.6819923371647509
718,MLPClassifier,Training,0.7125,0.7693749999999999
718,MLPClassifier,Test,0.6382978723404256,0.6973180076628354
3735,LogisticRegression,Training,0.6875,0.770625
3735,LogisticRegression,Test,0.5833333333333334,0.7250000000000001
3735,RandomForest,Training,0.8375,0.93875
3735,RandomForest,Test,0.5555555555555556,0.53125
3735,GradientBoosting,Training,0.7625,0.82875
3735,GradientBoosting,Test,0.6111111111111112,0.69375
3735,SVC,Training,0.725,0.775
3735,SVC,Test,0.6388888888888888,0.7
3735,MLPClassifier,Training,0.7375,0.774375
3735,MLPClassifier,Test,0.6111111111111112,0.721875
8359,LogisticRegression,Training,0.55,0.58375
8359,LogisticRegression,Test,0.6097560975609756,0.7246376811594203
8359,RandomForest,Training,0.9,0.973125
8359,RandomForest,Test,0.5365853658536586,0.5507246376811594
8359,GradientBoosting,Training,0.7125,0.8203125
8359,GradientBoosting,Test,0.5365853658536586,0.6243961352657005
8359,SVC,Training,0.5625,0.38875000000000004
8359,SVC,Test,0.6097560975609756,0.3115942028985507
8359,MLPClassifier,Training,0.5,0.575625
8359,MLPClassifier,Test,0.43902439024390244,0.717391304347826
7151,LogisticRegression,Training,0.625,0.6775
7151,LogisticRegression,Test,0.8095238095238095,0.9294117647058823
7151,RandomForest,Training,0.7625,0.8918750000000001
7151,RandomForest,Test,0.6666666666666666,0.6541176470588237
7151,GradientBoosting,Training,0.8625,0.96125
7151,GradientBoosting,Test,0.7142857142857143,0.8
7151,SVC,Training,0.65,0.5
7151,SVC,Test,0.7857142857142857,0.5
7151,MLPClassifier,Training,0.6125,0.6793750000000001
7151,MLPClassifier,Test,0.8095238095238095,0.9294117647058823
170,LogisticRegression,Training,0.8,0.8225
170,LogisticRegression,Test,0.5128205128205128,0.6016042780748663
170,RandomForest,Training,0.9,0.96
170,RandomForest,Test,0.5384615384615384,0.5748663101604279
170,GradientBoosting,Training,0.8375,0.9293750000000001
170,GradientBoosting,Test,0.5128205128205128,0.5735294117647058
170,SVC,Training,0.8,0.796875
170,SVC,Test,0.5128205128205128,0.5775401069518717
170,MLPClassifier,Training,0.7875,0.829375
170,MLPClassifier,Test,0.48717948717948717,0.5855614973262031
4487,LogisticRegression,Training,0.675,0.709375
4487,LogisticRegression,Test,0.6976744186046512,0.7785087719298245
4487,RandomForest,Training,0.825,0.9081250000000001
4487,RandomForest,Test,0.6744186046511628,0.6787280701754386
4487,GradientBoosting,Training,0.8625,0.90875
4487,GradientBoosting,Test,0.6046511627906976,0.6392543859649122
4487,SVC,Training,0.6875,0.316875
4487,SVC,Test,0.6744186046511628,0.24890350877192982
4487,MLPClassifier,Training,0.6875,0.713125
4487,MLPClassifier,Test,0.6744186046511628,0.763157894736842
2337,LogisticRegression,Training,0.6875,0.7525
2337,LogisticRegression,Test,0.6666666666666666,0.7116402116402116
2337,RandomForest,Training,1.0,1.0
2337,RandomForest,Test,0.5384615384615384,0.6415343915343916
2337,GradientBoosting,Training,1.0,1.0
2337,GradientBoosting,Test,0.6153846153846154,0.6335978835978836
2337,SVC,Training,0.6875,0.2628125
2337,SVC,Test,0.6666666666666666,0.34523809523809523
2337,MLPClassifier,Training,0.7,0.750625
2337,MLPClassifier,Test,0.6666666666666666,0.7037037037037037
3752,LogisticRegression,Training,0.7125,0.774375
3752,LogisticRegression,Test,0.6,0.6719999999999999
3752,RandomForest,Training,0.825,0.9099999999999999
3752,RandomForest,Test,0.5777777777777777,0.596
3752,GradientBoosting,Training,1.0,1.0
3752,GradientBoosting,Test,0.4888888888888889,0.5579999999999999
3752,SVC,Training,0.725,0.26125
3752,SVC,Test,0.6222222222222222,0.364
3752,MLPClassifier,Training,0.7125,0.775625
3752,MLPClassifier,Test,0.6222222222222222,0.6739999999999999
7452,LogisticRegression,Training,0.6375,0.685
7452,LogisticRegression,Test,0.8292682926829268,0.9075
7452,RandomForest,Training,0.9,0.970625
7452,RandomForest,Test,0.7804878048780488,0.815
7452,GradientBoosting,Training,0.6625,0.7459374999999999
7452,GradientBoosting,Test,0.7804878048780488,0.7787499999999999
7452,SVC,Training,0.6,0.334375
7452,SVC,Test,0.7804878048780488,0.10250000000000001
7452,MLPClassifier,Training,0.65,0.6875
7452,MLPClassifier,Test,0.8536585365853658,0.8975
9366,LogisticRegression,Training,0.675,0.7512500000000001
9366,LogisticRegression,Test,0.6428571428571429,0.7546296296296297
9366,RandomForest,Training,0.8125,0.9103125000000001
9366,RandomForest,Test,0.6904761904761905,0.6967592592592593
9366,GradientBoosting,Training,0.7375,0.8065625
9366,GradientBoosting,Test,0.6666666666666666,0.7523148148148148
9366,SVC,Training,0.75,0.748125
9366,SVC,Test,0.6428571428571429,0.7152777777777778
9366,MLPClassifier,Training,0.7,0.7593750000000001
9366,MLPClassifier,Test,0.6428571428571429,0.7569444444444444
7489,LogisticRegression,Training,0.675,0.718125
7489,LogisticRegression,Test,0.6976744186046512,0.8138528138528138
7489,RandomForest,Training,0.8125,0.873125
7489,RandomForest,Test,0.6744186046511628,0.761904761904762
7489,GradientBoosting,Training,0.7125,0.7540625000000001
7489,GradientBoosting,Test,0.6744186046511628,0.7088744588744589
7489,SVC,Training,0.6875,0.29874999999999996
7489,SVC,Test,0.6744186046511628,0.20995670995670998
7489,MLPClassifier,Training,0.675,0.71875
7489,MLPClassifier,Test,0.6976744186046512,0.8138528138528138
2028,LogisticRegression,Training,0.7,0.794375
2028,LogisticRegression,Test,0.5714285714285714,0.684705882352941
2028,RandomForest,Training,0.8625,0.9725
2028,RandomForest,Test,0.6428571428571429,0.6294117647058824
2028,GradientBoosting,Training,0.8875,0.9709375
2028,GradientBoosting,Test,0.5,0.5976470588235294
2028,SVC,Training,0.7,0.21937500000000001
2028,SVC,Test,0.5714285714285714,0.34117647058823525
2028,MLPClassifier,Training,0.8375,0.9381249999999999
2028,MLPClassifier,Test,0.5238095238095238,0.5341176470588236
4457,LogisticRegression,Training,0.725,0.76
4457,LogisticRegression,Test,0.7073170731707317,0.7745098039215685
4457,RandomForest,Training,0.775,0.90375
4457,RandomForest,Test,0.6341463414634146,0.6629901960784313
4457,GradientBoosting,Training,0.7375,0.8368749999999999
4457,GradientBoosting,Test,0.6341463414634146,0.6924019607843137
4457,SVC,Training,0.7125,0.7528125
4457,SVC,Test,0.6585365853658537,0.732843137254902
4457,MLPClassifier,Training,0.7,0.764375
4457,MLPClassifier,Test,0.6829268292682927,0.7745098039215687
3515,LogisticRegression,Training,0.75,0.815625
3515,LogisticRegression,Test,0.5952380952380952,0.6823529411764706
3515,RandomForest,Training,0.8,0.92125
3515,RandomForest,Test,0.5238095238095238,0.5941176470588236
3515,GradientBoosting,Training,0.7875,0.826875
3515,GradientBoosting,Test,0.5476190476190477,0.6035294117647059
3515,SVC,Training,0.7375,0.18937500000000002
3515,SVC,Test,0.5952380952380952,0.38823529411764707
3515,MLPClassifier,Training,0.75,0.81875
3515,MLPClassifier,Test,0.5714285714285714,0.68
9260,LogisticRegression,Training,0.6125,0.6825
9260,LogisticRegression,Test,0.7804878048780488,0.8851674641148326
9260,RandomForest,Training,1.0,1.0
9260,RandomForest,Test,0.6585365853658537,0.6830143540669856
9260,GradientBoosting,Training,1.0,1.0
9260,GradientBoosting,Test,0.6585365853658537,0.687799043062201
9260,SVC,Training,0.6125,0.3228125
9260,SVC,Test,0.7073170731707317,0.19019138755980866
9260,MLPClassifier,Training,0.6,0.6825
9260,MLPClassifier,Test,0.7804878048780488,0.8851674641148326
9420,LogisticRegression,Training,0.675,0.7268749999999999
9420,LogisticRegression,Test,0.7142857142857143,0.7662037037037037
9420,RandomForest,Training,0.875,0.93375
9420,RandomForest,Test,0.7380952380952381,0.7696759259259259
9420,GradientBoosting,Training,0.675,0.7259374999999999
9420,GradientBoosting,Test,0.6190476190476191,0.6678240740740741
9420,SVC,Training,0.6875,0.41125000000000006
9420,SVC,Test,0.6904761904761905,0.41666666666666663
9420,MLPClassifier,Training,0.6625,0.726875
9420,MLPClassifier,Test,0.7142857142857143,0.7662037037037037
4496,LogisticRegression,Training,0.6125,0.673125
4496,LogisticRegression,Test,0.627906976744186,0.7142857142857143
4496,RandomForest,Training,0.75,0.894375
4496,RandomForest,Test,0.5581395348837209,0.6515151515151516
4496,GradientBoosting,Training,0.7125,0.7353124999999999
4496,GradientBoosting,Test,0.6046511627906976,0.6017316017316018
4496,SVC,Training,0.6875,0.308125
4496,SVC,Test,0.627906976744186,0.3365800865800866
4496,MLPClassifier,Training,0.7,0.7787499999999999
4496,MLPClassifier,Test,0.6511627906976745,0.6883116883116883
5343,LogisticRegression,Training,0.675,0.7343750000000001
5343,LogisticRegression,Test,0.7777777777777778,0.804953560371517
5343,RandomForest,Training,0.825,0.8999999999999999
5343,RandomForest,Test,0.6944444444444444,0.741486068111455
5343,GradientBoosting,Training,0.7125,0.7787499999999999
5343,GradientBoosting,Test,0.6388888888888888,0.6269349845201239
5343,SVC,Training,0.675,0.27875
5343,SVC,Test,0.75,0.17956656346749228
5343,MLPClassifier,Training,0.6625,0.74125
5343,MLPClassifier,Test,0.75,0.7708978328173375
5153,LogisticRegression,Training,0.725,0.8024999999999999
5153,LogisticRegression,Test,0.6829268292682927,0.6564102564102564
5153,RandomForest,Training,0.8125,0.9425
5153,RandomForest,Test,0.36585365853658536,0.4576923076923077
5153,GradientBoosting,Training,0.7875,0.8509375
5153,GradientBoosting,Test,0.43902439024390244,0.4128205128205128
5153,SVC,Training,0.7875,0.7962499999999999
5153,SVC,Test,0.4878048780487805,0.5461538461538461
5153,MLPClassifier,Training,0.725,0.80625
5153,MLPClassifier,Test,0.6585365853658537,0.6461538461538461
7890,LogisticRegression,Training,0.7,0.7556250000000001
7890,LogisticRegression,Test,0.65,0.7174999999999999
7890,RandomForest,Training,0.925,0.9871875
7890,RandomForest,Test,0.55,0.6425000000000001
7890,GradientBoosting,Training,1.0,1.0
7890,GradientBoosting,Test,0.625,0.655
7890,SVC,Training,0.675,0.25625
7890,SVC,Test,0.6,0.27749999999999997
7890,MLPClassifier,Training,0.7,0.7681250000000001
7890,MLPClassifier,Test,0.65,0.7074999999999999
5956,LogisticRegression,Training,0.7125,0.7593750000000001
5956,LogisticRegression,Test,0.6086956521739131,0.7121212121212122
5956,RandomForest,Training,0.7875,0.895
5956,RandomForest,Test,0.5434782608695652,0.5397727272727273
5956,GradientBoosting,Training,0.75,0.789375
5956,GradientBoosting,Test,0.5434782608695652,0.5624999999999999
5956,SVC,Training,0.725,0.50125
5956,SVC,Test,0.6304347826086957,0.34848484848484845
5956,MLPClassifier,Training,0.725,0.765
5956,MLPClassifier,Test,0.6304347826086957,0.7045454545454545
